text,true_emotion,predicted_emotion
Sorry guys I have absolutely no idea what time i'll be on cam tomorrow but will keep you posted. #fuming,anger,anger
@DJ_JeanFranko growl!!!,anger,anger
I wouldn't have #anger issues.....if she didn't have #lying issues.....think about that one. #pow #lies #confusion,anger,anger
"Is it me, or is Ding wearing the look of a man who's just found his arch enemy in bed with his missus? #angryman ",anger,anger
"@FluDino Event started! everyone is getting ready to travel to the lake of rage, where everything glows",anger,joy
@LiamCannon1 He's just too raging to type properly... Ha ha!,anger,joy
It's the most magical time of the year......Xmas party announced and the #outrage commences. Gotta love Silicon Valley millennials.,anger,anger
Sorry guys I have absolutely no idea what time i'll be on cam tomorrow but will keep you posted. ,anger,sadness
"@huwellwell One chosen by the CLP members! MP seats are not for people to dole out to their mates, we elect candidates. ",anger,anger
All Brian does is sleep and aggravate me,anger,anger
"[ @HedgehogDylan ] *she would frown a bit, folding her arms* 'why is it that every time I'm in need of assistance someone expects a lil **",anger,anger
@pbhushan1 @IndianExpress so in your opinion is this the worst delhi govt? #acrid  #hypocrisy,anger,anger
"Why to have vanity sizes?Now sizes S,XS(evenXXS sometimes) are too big, WTF?! Dear corporate jerks, Lithuania didn't need this. #rant #angry",anger,anger
@TrueAggieFan oh so that's where Brian was! Where was my invite? #offended,anger,anger
Literally fuming fuck sake,anger,anger
"Taking umbrage because Jimmy Carr claimed that Bilbo Baggins went to Mordor on 8 out of 10 cats does Countdown. Know your Baggins', mate.",anger,anger
"@LaureEve I am sitting here wrapped in a fluffy blanket, with incense burning, listening to Bon Iver and drinking mulled wine. I'm there.",anger,joy
@RealJamesWoods @KennyCoble saddest part of this whole mess is that all of this #anger is #misdirected they should march 2 the #WhiteHouse,anger,anger
Lol little things like that make me so angry x,anger,anger
@fluffysoftlouis no no. I insist that you give me your best insult first,anger,joy
Thanks for ripping me off again #Luthansa ‚Ç¨400 not enough for a one way flight to man from Frk then ‚Ç¨30 for a bag then free at gate ,fear,anger
Nothing worse than an uber driver that can't drive. ,fear,anger
The moment you bring her to meet your best friend and you're nervous af! üò¨üòÜ  #thefriendtest,fear,joy
I know this is going to be one of those nights where it takes an Act of God to fall asleep. ,fear,sadness
So about 18mths ago i signed up to @Lumo_Energy for their @VirginAustralia / Velocity FF deal. 18 months in still no FF points #shocking,fear,anger
"Really.....#Jumanji 2....w/ The Rock, Jack Black, and Kevin Hart...are you kidding me! WTF! #ThisIsATerribleIdea ",fear,anger
"it's horrible cos no one can relate,  everyone is happy and dandy in one way or another",fear,sadness
@mikefreemanNFL \nIsn't OBrien supposed to be some sort of offensive genius ,fear,anger
So about 18mths ago i signed up to @Lumo_Energy for their @VirginAustralia / Velocity FF deal. 18 months in still no FF points ,fear,anger
Staff on @ryainair FR1005. Asked for info and told to look online. You get what you pay for. #Ryanair @STN_Airport #Compensation #awful,fear,anger
And I cried in front of my guy last night. And it's just been a horrible week but it's only for a week,fear,sadness
@joey_coops yes Hun! Avoid at all costs!! ,fear,anger
@CesarSampao @thisisbolton don't get me started on town centre. Used to go every week.... not been for 18 months ,fear,sadness
Losing to Villa...'@M0tivati0nQuote: Most of the things people worry about are things that won't even matter to them a few months from now.',fear,sadness
"‚ä∞ @FrameOfAnAngel ‚ä± \n\n+ Of them. I'm here for answers, and if I scare her to death, there won't be answers for me. \n\nSo instead, I just +",fear,fear
"@soozclifford Sure have... Sydney are too tough, too quick and their 'team' pressure is too much for the Cats to handle. Motlop/Cowan #timid",fear,anger
This is #horrible: Lewis Dunk has begun networking #a Neo-Geo with a his holiday home in Mexico.,fear,anger
Trying to book holiday flights on @britishairways website is becoming a #nightmare,fear,anger
Bout ta get my @dontbreathe on up in here! @WarrenTheaters #nervous #icantholdmybreaththatlong,fear,fear
"Came in to work today 1.5 hours late.1st thing I hear: 'Ma'am,the big boss has been waiting for you in his office.' #panic #hateBeingLate üò©üò™",fear,fear
Each day is what you make of it! #goals #challenges #business #goals   #success #photographer #photography #ThursdayThoughts,joy,joy
@Gronnhair @buryprofs @DittoBistro it was indeed lovely and the team were incredibly attentive and on the ball. Cheese was a lively gesture!,joy,joy
It feels good to get outside for a minute and get some fresh air.  It's hard to stay cooped up inside all day #breezy,joy,joy
Each day is what you make of it! #goals #challenges #business #goals #optimism #happy #success #photographer #photography #ThursdayThoughts,joy,joy
@GameGrumps THANK YOU SO MUCH FOR COMING TO DETROIT I'm going to sob joyful rainbows now brb,joy,joy
@MacDsmash you should get some @SSB_Swedish delight,joy,joy
Somebody who has braved the storm is brewing. #cheerful,joy,joy
@tomlinmayniac starting my new challenge ! A glee poll every day !,joy,joy
@chencouture LMAO Is it that 'so slutty' hater girl? That video was hilarious. üòÇ,joy,joy
@MichiganBromo Good optimism sir :),joy,joy
@billie21806 @cnnbrk tell that to your bodies cheering on the deaths of black people by cops. their fear is killing us.,joy,anger
Chris would take full responsibility and would want us all to rejoice in the memories we all had with him.,joy,joy
Tutoring gives me such an exhilarating feeling. I love helping people üòå,joy,joy
@Communism_Kills i get the subway melt and make sure it's only hearty italian bread... black olives are a must though,joy,joy
@hesham786 that's the spirit ,joy,joy
I turn 25 in two weeks. I am so happy. 24 was my darkest year yet. I am elated that I survived,joy,joy
Google caffeine-an sprightly lengthening into the corridor re seo: WgJ,joy,joy
So far ours greet have raised ¬£250 for @HGatChristmas with more to come in #sparkling @CllrJohnFox @simoncotton69,joy,joy
"Ready for that nice, breezy, calm, sunshine weather.üçÇüçÅ #Autumn",joy,joy
Heather that was #hilarious! @MsHeatherBates @pattonoswalt @chrishansen #AnthonyWeiner #15gets20 #NYC,joy,joy
you are on an endless journey of figuring yourself out; don't be discouraged when you don't know who you are yet.,sadness,joy
If Angelina Jolie can't keep a man no one can. Today we mourn because Love is dead,sadness,sadness
"@DxfyingGrxvity - frustration, looking up at Elphaba in a frown of aggravation. Her high pitched voice was growing more and more --",sadness,anger
@AnjiDunlap droop in leggings? Are they wearing XXXL?,sadness,anger
It feel like we lost a family memberüôÑüòÇ,sadness,joy
"Donating to Trump puts a damper on a very exciting @Cubs season. Really bad look, Ricketts family.",sadness,anger
Chalk dance notation entree manchester inasmuch as corinthian products that discourage drag branding: ARwuEVfqv,sadness,anger
SOBRIETY¬Æ   trying to make being sober fashionable‚Ä¶.can it be done ? #zeroalcohol #soberoctober #clubsoda #nomorehangovers #sober,sadness,joy
This world has some serious issues we should all go to therapy,sadness,sadness
"[ @HedgehogDylan ] *she would frown a bit, folding her arms* 'why is it that every time I'm in need of assistance someone expects a lil **",sadness,anger
"Just watched Django Unchained, Other people may frown, but I titter in delight! 2/5",sadness,joy
"A pessimist is someone who, when opportunity knocks, complains about the noise #mikeshumor",sadness,joy
"I'd rather laugh with the rarest genius, in beautiful alliance with his own being, where he kept his sadness. #melancholy",sadness,sadness
"MC: what are you listen to these days?\nBogum: these days I feel gloomy, I listen to ccm (spiritual song) often.\n\nChurch oppa mode. :)",sadness,joy
"@KeithOlbermann depressing how despicable Trump, with no policies, campaigning on bigotry &amp; rancour can be so close, evil immoral disaster",sadness,anger
@Barcabhoy1 Of course not. Didn't sink his studs into a knee like Forrester,sadness,anger
amateur author Twitter might be the most depressing thing I've ever seen,sadness,sadness
@pmo100 @5liveSport .....I heard talk something is a miss. He looks weary.,sadness,sadness
Public products: high downhearted price tag consumer survey sum and substance: OVth,sadness,sadness
@abra @abra @abra what're you doing to my ears? To my soul?! #GoodMusic #melancholy,sadness,sadness
